SampleID,Run,Interval,Light_Value,N_points,O2_start,O2_end,DeltaT_min,DeltaT_max,O2_min,O2_max,Slope,Avg_Blank_Slope,Blank_Corrected_Slope
blank,1,1,0,320,198.852,198.413,70.801,86.75,198.237,199.114,-0.029288985310323874,-0.06714210720597372,0.03785312189564984
blank,1,2,155,296,205.239,202.703,0,14.75,202.596,205.239,-0.010096984467294253,-0.07877163362150494,0.06867464915421069
blank,1,3,269,200,202.697,202.406,15.8,25.75,202.269,202.833,-0.031194730024543725,-0.08844391784982573,0.05724918782528201
blank,1,4,472,200,202.239,201.731,26.8,36.751,201.492,202.431,-0.06498268221466467,-0.09825131730430908,0.03326863508964441
blank,1,5,824,200,201.584,200.815,37.801,47.75,200.634,201.651,-0.07673566230196793,-0.10105786629015398,0.024322203988186047
blank,1,6,1017,200,200.662,200.061,48.801,58.75,199.781,200.835,-0.08636355947912838,-0.10140806112345321,0.015044501644324831
blank,1,7,1313,200,199.782,198.835,59.8,69.75,198.741,199.84,-0.09058103949665411,-0.11454459624117248,0.023963556744518374
