SampleID,Run,Interval,Light_Value,N_points,O2_start,O2_end,DeltaT_min,DeltaT_max,O2_min,O2_max,Slope,Avg_Blank_Slope,Blank_Corrected_Slope
PC-234-phys,3,1,0,320,230.709,222.478,286.732,302.682,222.386,232.238,-0.8105405759162343,-0.06714210720597372,-0.7433984687102606
PC-234-phys,3,2,155,303,202.686,199.41,214.582,229.682,199.41,202.926,-0.20565998247734663,-0.07877163362150494,-0.1268883488558417
PC-234-phys,3,3,269,200,199.369,199.149,230.732,240.682,198.388,199.369,0.054250138668394135,-0.08844391784982573,0.14269405651821987
PC-234-phys,3,4,472,200,199.017,202.98,241.732,251.682,198.919,202.999,0.4475284599068523,-0.09825131730430908,0.5457797772111614
PC-234-phys,3,5,824,220,203.224,211.261,252.732,263.682,203.139,211.261,0.5776428229746532,-0.10105786629015398,0.6787006892648072
PC-234-phys,3,6,1017,200,211.979,219.793,264.732,274.682,211.85,219.804,0.8435233011263497,-0.10140806112345321,0.9449313622498029
PC-234-phys,3,7,1313,200,220.463,229.562,275.732,285.682,220.463,229.562,0.9231200740004923,-0.11454459624117248,1.0376646702416648
