SampleID,Run,Interval,Light_Value,N_points,O2_start,O2_end,DeltaT_min,DeltaT_max,O2_min,O2_max,Slope,Avg_Blank_Slope,Blank_Corrected_Slope
PC-237-phys,3,1,0,320,276.472,257.739,286.695,302.645,257.624,277.487,-1.4213323873602048,-0.06714210720597372,-1.3541902801542312
PC-237-phys,3,2,155,302,197.756,195.985,214.597,229.645,195.777,197.756,-0.037960161956670284,-0.07877163362150494,0.040811471664834655
PC-237-phys,3,3,269,200,195.88,201.486,230.696,240.646,195.835,201.486,0.6526471698854134,-0.08844391784982573,0.7410910877352391
PC-237-phys,3,4,472,200,202.28,214.615,241.695,251.645,202.062,214.617,1.3293098603582152,-0.09825131730430908,1.4275611776625243
PC-237-phys,3,5,824,220,215.966,234.181,252.695,263.645,215.957,234.192,1.6742554778335885,-0.10105786629015398,1.7753133441237425
PC-237-phys,3,6,1017,200,235.875,253.771,264.695,274.646,235.744,254.086,1.8106054139407821,-0.10140806112345321,1.9120134750642352
PC-237-phys,3,7,1313,200,255.766,274.108,275.696,285.645,255.751,274.108,1.8677734103523593,-0.11454459624117248,1.9823180065935317
