SampleID,Run,Interval,Light_Value,N_points,O2_start,O2_end,DeltaT_min,DeltaT_max,O2_min,O2_max,Slope,Avg_Blank_Slope,Blank_Corrected_Slope
blank,5,1,0,301,141.591,141.177,502.885,517.885,141.049,141.868,-0.03937594731246044,-0.06714210720597372,0.027766159893513276
blank,5,2,155,299,149.066,146.992,430.99,445.885,146.992,149.066,-0.11794973686236306,-0.07877163362150494,-0.03917810324085812
blank,5,3,269,201,146.973,145.905,446.885,456.885,145.766,147.101,-0.10999443981095418,-0.08844391784982573,-0.021550521961128444
blank,5,4,472,201,145.727,144.713,457.885,467.885,144.696,145.875,-0.09508774452171752,-0.09825131730430908,0.0031635727825915644
blank,5,5,824,221,144.713,143.852,467.885,478.885,143.62,144.913,-0.09645181370353559,-0.10105786629015398,0.004606052586618392
blank,5,6,1017,201,143.737,142.861,479.885,489.885,142.616,143.881,-0.09842105263158553,-0.10140806112345321,0.002987008491867685
blank,5,7,1313,201,142.681,141.756,490.885,500.885,141.618,142.868,-0.09187209818724681,-0.11454459624117248,0.02267249805392567
