SampleID,Run,Interval,Light_Value,N_points,O2_start,O2_end,DeltaT_min,DeltaT_max,O2_min,O2_max,Slope,Avg_Blank_Slope,Blank_Corrected_Slope
blank,3,1,0,320,160.038,159.437,286.785,302.735,159.036,160.424,-0.05029767903795035,-0.06714210720597372,0.016844428168023368
blank,3,2,155,304,166.256,164.649,214.576,229.735,164.649,166.527,-0.08407240786589176,-0.07877163362150494,-0.005300774244386824
blank,3,3,269,200,165.024,163.865,230.784,240.734,163.668,165.152,-0.08308609389628217,-0.08844391784982573,0.005357823953543561
blank,3,4,472,200,163.825,163.057,241.784,251.735,162.613,163.966,-0.09132686718586036,-0.09825131730430908,0.006924450118448722
blank,3,5,824,220,162.638,161.96,252.785,263.735,161.648,163.039,-0.08317311354369797,-0.10105786629015398,0.017884752746456012
blank,3,6,1017,200,161.757,160.74,264.785,274.735,160.671,162.027,-0.06086866039015304,-0.10140806112345321,0.040539400733300174
blank,3,7,1313,200,160.888,160.062,275.785,285.735,159.778,161.07,-0.07392743109139356,-0.11454459624117248,0.04061716514977892
