SampleID,Run,Interval,Light_Value,N_points,O2_start,O2_end,DeltaT_min,DeltaT_max,O2_min,O2_max,Slope,Avg_Blank_Slope,Blank_Corrected_Slope
blank,4,1,0,300,198.083,196.199,395.712,410.662,196.015,198.13,-0.12734292753667037,-0.06714210720597372,-0.06020082033069665
blank,4,2,155,320,207.926,205.969,322.715,338.662,205.969,207.926,-0.09763485934914179,-0.07877163362150494,-0.01886322572763685
blank,4,3,269,200,206.006,204.887,339.712,349.662,204.807,206.102,-0.12640920543771966,-0.08844391784982573,-0.03796528758789393
blank,4,4,472,220,204.786,203.32,350.712,361.662,203.265,204.864,-0.13279740864580022,-0.09825131730430908,-0.03454609134149114
blank,4,5,824,200,203.269,201.846,362.712,372.662,201.763,203.28,-0.13547925466307442,-0.10105786629015398,-0.03442138837292044
blank,4,6,1017,200,201.601,200.28,373.712,383.662,200.216,201.723,-0.13948165869218238,-0.10140806112345321,-0.03807359756872916
blank,4,7,1313,200,200.039,198.238,384.712,394.662,198.06,200.099,-0.19362242166588753,-0.11454459624117248,-0.07907782542471505
