SampleID,Run,Interval,Light_Value,N_points,O2_start,O2_end,DeltaT_min,DeltaT_max,O2_min,O2_max,Slope,Avg_Blank_Slope,Blank_Corrected_Slope
MC-203-phys,5,1,0,300,260.022,254.83,502.8,517.75,254.83,261.133,-0.5842677754938004,-0.06714210720597372,-0.5171256682878267
MC-203-phys,5,2,155,296,215.71,217.925,431.003,445.751,214.197,217.925,0.35483310844928667,-0.07877163362150494,0.4336047420707916
MC-203-phys,5,3,269,200,218.263,223.533,446.8,456.75,218.181,223.533,0.5851124615940959,-0.08844391784982573,0.6735563794439217
MC-203-phys,5,4,472,200,224.268,231.442,457.801,467.751,224.018,231.442,0.7407039054288677,-0.09825131730430908,0.8389552227331767
MC-203-phys,5,5,824,220,231.286,240.069,467.8,478.751,231.286,240.16,0.7872765055349485,-0.10105786629015398,0.8883343718251026
MC-203-phys,5,6,1017,200,240.833,248.872,479.801,489.75,240.833,249.066,0.8300970386219791,-0.10140806112345321,0.9315050997454324
MC-203-phys,5,7,1313,200,249.793,258.014,490.801,500.751,249.793,258.014,0.8171933597838706,-0.11454459624117248,0.9317379560250432
