SampleID,Run,Interval,Light_Value,N_points,O2_start,O2_end,DeltaT_min,DeltaT_max,O2_min,O2_max,Slope,Avg_Blank_Slope,Blank_Corrected_Slope
blank,2,1,0,320,188.266,186.857,177.97,193.92,186.723,188.427,-0.08940499683246353,-0.06714210720597372,-0.022262889626489812
blank,2,2,155,299,195.898,194.537,106.067,120.97,194.419,195.898,-0.08410417956283382,-0.07877163362150494,-0.005332545941328884
blank,2,3,269,201,194.448,193.619,121.971,131.971,193.422,194.539,-0.09153512007962891,-0.08844391784982573,-0.0030912022298031777
blank,2,4,472,201,193.48,192.319,132.97,142.97,192.253,193.499,-0.1070618839535026,-0.09825131730430908,-0.008810566649193524
blank,2,5,824,201,192.372,191.09,143.971,153.97,190.933,192.372,-0.11344948723849398,-0.10105786629015398,-0.012391620948339996
blank,2,6,1017,201,190.987,189.744,154.971,164.971,189.729,191.093,-0.12190537442421676,-0.10140806112345321,-0.020497313300763542
blank,2,7,1313,201,189.671,188.38,165.971,175.97,188.327,189.694,-0.12271999076468042,-0.11454459624117248,-0.008175394523507934
